Allele,percentage
A*01:01,10
A*02:01,23
A*02:05,1
A*02:12,1
A*03:01,5
A*11:01,7
A*23:01,2
A*24:02,10
A*30:01,3
A*31:01,2
A*31:08,1
A*34:01,1
A*33:03,4
A*68:01,3
B*07:02,6
B*08:01,7
B*08:02,1
B*13:01,3
B*15:01,6
B*15:02,4
B*15:03,1
B*18:01,2
B*27:01,1
B*27:05,4
B*27:02,0.5
B*35:01,5
B*35:02,1
B*35:08,1
B*39:06,0.5
B*40:01,4
B*40:06,5
B*40:10,1
B*41:01,3
B*44:02,5
B*46:01,3
B*48:03,1
B*50:01,2
B*51:01,4
B*52:01,3
B*54:01,1
B*56:01,1
B*57:01,3
B*58:01,3
C*03:04,10
C*04:01,15
C*06:02,20
C*07:01,9
C*07:02,10
C*08:02,5
C*12:03,5